beta_x,beta_y,intercept
1.155907258055184,-5.539862591450627,0.8093445925050581
